caller,receiver,timestamp,duration_sec,tower_id
9822000004,9822000001,2026-03-01 06:00,506,TWR565
9811000007,9811000002,2026-03-01 16:00,453,TWR341
9811000006,9811000002,2026-03-01 17:00,572,TWR271
9811000004,9811000002,2026-03-01 18:00,306,TWR273
9811000008,9811000002,2026-03-01 20:00,595,TWR879
9811000003,9811000002,2026-03-01 21:00,394,TWR819
9822000005,9822000001,2026-03-02 07:00,284,TWR109
9822000002,9822000001,2026-03-02 09:00,583,TWR114
9811000007,9811000002,2026-03-03 01:00,278,TWR413
9811000005,9811000002,2026-03-03 14:00,507,TWR579
9822000005,9822000001,2026-03-03 14:00,246,TWR971
9822000003,9822000001,2026-03-03 23:00,393,TWR366
9822000003,9822000001,2026-03-04 01:00,215,TWR793
9822000005,9822000001,2026-03-04 07:00,588,TWR796
9822000004,9822000001,2026-03-04 08:00,224,TWR863
9811000008,9811000002,2026-03-04 09:00,75,TWR350
9811000007,9811000002,2026-03-04 10:00,158,TWR765
9811000003,9811000002,2026-03-04 11:00,498,TWR588
9822000004,9822000001,2026-03-04 11:00,58,TWR277
9811000006,9811000002,2026-03-04 12:00,470,TWR521
9822000003,9822000001,2026-03-04 14:00,342,TWR609
9811000004,9811000002,2026-03-04 15:00,42,TWR987
9822000002,9822000001,2026-03-04 20:00,217,TWR233
9822000005,9822000001,2026-03-04 21:00,370,TWR127
9990001111,9822000001,2026-03-05 00:00,543,TWR728
9990001111,9811000002,2026-03-05 01:00,444,TWR921
9864073233,9822023225,2026-03-05 06:00,569,TWR573
9822000002,9822000001,2026-03-05 08:00,397,TWR905
9990001111,9822000001,2026-03-05 10:00,247,TWR349
9811000004,9811000002,2026-03-05 12:00,431,TWR919
9822000003,9822000001,2026-03-05 23:00,413,TWR108
9811000006,9811000002,2026-03-06 04:00,246,TWR531
9811000004,9811000002,2026-03-06 05:00,538,TWR487
9811000006,9811000002,2026-03-06 09:00,108,TWR260
9822000005,9822000001,2026-03-06 09:00,544,TWR138
9811000005,9811000002,2026-03-06 10:00,437,TWR299
9990001111,9811000001,2026-03-06 11:00,339,TWR312
9811000006,9811000002,2026-03-06 20:00,353,TWR228
9822023225,9817554395,2026-03-07 00:00,308,TWR539
9811000004,9811000002,2026-03-07 01:00,215,TWR741
9811000006,9811000002,2026-03-07 03:00,196,TWR555
9822000005,9822000001,2026-03-07 04:00,391,TWR575
9811000006,9811000002,2026-03-07 05:00,30,TWR202
9990001111,9811000001,2026-03-07 05:00,567,TWR993
9811000007,9811000002,2026-03-07 07:00,331,TWR951
9811000008,9811000002,2026-03-07 07:00,198,TWR624
9822000004,9822000001,2026-03-07 07:00,342,TWR371
9990001111,9811000001,2026-03-07 10:00,66,TWR269
9990001111,9811000002,2026-03-07 13:00,520,TWR326
9822000003,9822000001,2026-03-07 14:00,175,TWR550
9811000004,9811000002,2026-03-07 15:00,489,TWR510
9990001111,9811000002,2026-03-07 17:00,272,TWR445
9811000004,9811000002,2026-03-07 19:00,295,TWR715
9822000003,9822000001,2026-03-07 20:00,284,TWR114
9811000007,9811000002,2026-03-07 22:00,589,TWR401
9822000002,9822000001,2026-03-07 22:00,40,TWR593
9990001111,9811000001,2026-03-07 22:00,455,TWR348
9811000003,9811000002,2026-03-08 02:00,598,TWR176
9811000003,9811000002,2026-03-08 03:00,183,TWR865
9811000004,9811000002,2026-03-08 03:00,50,TWR317
9811000008,9811000002,2026-03-08 06:00,408,TWR487
9822000004,9822000001,2026-03-08 06:00,385,TWR333
9990001111,9811000001,2026-03-08 08:00,376,TWR222
9811000007,9811000002,2026-03-08 09:00,539,TWR377
9822000005,9822000001,2026-03-08 10:00,322,TWR979
9811000003,9811000002,2026-03-08 14:00,496,TWR876
9990001111,9811000002,2026-03-08 17:00,355,TWR948
9990001111,9811000002,2026-03-08 20:00,586,TWR140
9811000005,9811000002,2026-03-08 21:00,89,TWR865
9822000004,9822000001,2026-03-08 21:00,76,TWR156
9811000005,9811000002,2026-03-09 00:00,92,TWR166
9849909091,9836521384,2026-03-09 03:00,387,TWR384
9990001111,9822000001,2026-03-09 06:00,153,TWR417
9990001111,9811000001,2026-03-09 06:00,247,TWR806
9822000004,9822000001,2026-03-09 07:00,334,TWR949
9990001111,9822000001,2026-03-09 19:00,393,TWR729
9990001111,9811000001,2026-03-10 06:00,347,TWR370
9990001111,9822000001,2026-03-10 14:00,536,TWR695
9850008738,9856022006,2026-03-11 15:00,53,TWR992
9990001111,9811000002,2026-03-12 10:00,120,TWR530
9990001111,9811000001,2026-03-12 12:00,560,TWR279
9990001111,9822000001,2026-03-13 05:00,45,TWR351
9990001111,9811000001,2026-03-13 06:00,238,TWR639
9856022006,9817987691,2026-03-13 17:00,58,TWR208
9845154845,9864073233,2026-03-16 04:00,249,TWR411
9836521384,9819129835,2026-03-17 09:00,235,TWR866
9990001111,9822000001,2026-03-18 03:00,37,TWR858
9990001111,9822000001,2026-03-18 03:00,475,TWR644
9990001111,9822000001,2026-03-18 06:00,183,TWR529
9811000002,9990001111,2026-03-18 08:00,371,TWR420
9990001111,9822000001,2026-03-18 08:00,337,TWR424
9990001111,9822000001,2026-03-18 13:00,383,TWR767
9811000002,9990001111,2026-03-18 14:00,224,TWR736
9811000002,9990001111,2026-03-18 15:00,282,TWR824
9990001111,9822000001,2026-03-18 17:00,433,TWR546
9990001111,9822000001,2026-03-18 20:00,261,TWR254
9990001111,9822000001,2026-03-18 21:00,328,TWR206
9990001111,9822000001,2026-03-18 21:00,361,TWR314
9811000002,9990001111,2026-03-19 00:00,262,TWR734
9990001111,9822000001,2026-03-19 00:00,306,TWR250
9811000002,9990001111,2026-03-19 01:00,50,TWR229
9990001111,9822000001,2026-03-19 03:00,416,TWR725
9811000002,9990001111,2026-03-19 04:00,391,TWR855
9990001111,9822000001,2026-03-19 06:00,126,TWR285
9811000002,9990001111,2026-03-19 07:00,58,TWR387
9990001111,9822000001,2026-03-19 09:00,266,TWR363
9811000002,9990001111,2026-03-19 11:00,168,TWR198
9811000002,9990001111,2026-03-19 12:00,138,TWR206
9811000002,9990001111,2026-03-19 13:00,234,TWR402
9811000002,9990001111,2026-03-19 14:00,293,TWR681
9817554395,9871294820,2026-03-20 19:00,518,TWR193
9819129835,9850008738,2026-03-22 15:00,31,TWR266
9858092331,9868959701,2026-03-22 21:00,270,TWR901
9811317236,9849909091,2026-03-23 00:00,345,TWR515
9871294820,9811317236,2026-03-24 10:00,42,TWR166
9817987691,9858092331,2026-03-24 19:00,497,TWR641
9868811777,9845154845,2026-03-26 21:00,105,TWR722
9868959701,9868811777,2026-03-31 19:00,574,TWR956
