phone,registered_name
9811000001,Vikram Rathore
9811000002,Ramesh Yadav
9811000003,Sunil Kumar
9811000004,Deepak Singh
9811000005,Ajay Verma
9811000006,Mohit Sharma
9811000007,Rakesh Gupta
9811000008,Pawan Mishra
9822000001,Salim Qureshi
9822000002,Irfan Shaikh
9822000003,Anwar Khan
9822000004,Javed Ansari
9822000005,Faisal Sayyed
9817987691,Amit Patel
9858092331,Suresh Nair
9868959701,Kiran Rao
9868811777,Vijay Iyer
9845154845,Nitin Joshi
9864073233,Sanjay Das
9822023225,Manoj Pillai
9817554395,Arun Reddy
9871294820,Dinesh Menon
9811317236,Rohit Bose
9849909091,Prakash Sen
9836521384,Gopal Roy
9819129835,Harish Shetty
9850008738,Naveen Kaul
9856022006,Tarun Bakshi
